{"packages": [{"selected": false, "tags": ["loadbalancer", "service-discovery", "reverse-proxy", "proxy", "haproxy"], "description": "HAProxy configured using Marathon state", "currentVersion": "1.4.3", "framework": false, "versions": {"1.4.3": "15"}, "name": "marathon-lb"}, {"selected": false, "tags": ["proxy", "web-server", "cache", "reverse-proxy"], "description": "nginx is a high performance HTTP and reverse proxy server.", "currentVersion": "1.10.2", "framework": false, "versions": {"1.10.2": "5"}, "name": "nginx"}], "version": "2.0.0"}