{"assets": {"uris": {"overrider-zip": "http://localhost:8082/kafka/uris/overrider.zip", "jre-tar-gz": "http://localhost:8082/kafka/uris/jre-8u112-linux-x64.tar.gz", "scheduler-zip": "http://localhost:8082/kafka/uris/scheduler.zip", "executor-zip": "http://localhost:8082/kafka/uris/executor.zip", "kafka_tgz": "http://localhost:8082/kafka/uris/kafka_2.11-0.10.1.0.tgz"}}, "images": {"icon-small": "http://localhost:8082/kafka/images/icon-service-kafka-small.png", "icon-large": "http://localhost:8082/kafka/images/icon-service-kafka-large.png", "icon-medium": "http://localhost:8082/kafka/images/icon-service-kafka-medium.png"}}